[{"onesie": ["Go Sort by Price: low to high Price: high to low Style Romper Coverall Care Instructions Machine Washable Tumble Dry Hand Wash Unisex Size Baby Size 0-3M 3-6M 6-9M 9-12M 12-18M Boys' Size Baby Size 0-3M 3-6M Free shipping Free shipping Brand Gerber Disney Nike ONESIES Brand See more Failed to load more results.", "Shop Bowy Made's soft and stylish baby onesies .", "From onesies and jackets to sweaters and more, we have the perfect, cute snuggly outfit for your little one.", "AI Overview Babies typically transition out of onesies between 12 and 24 months of age .", "This transition often coincides with milestones like starting potty training, learning to walk, or simply outgrowing the size range of onesies.", "Reasons for the transition: Potty Training : Onesies can be less practical when starting potty training, as they can be more cumbersome to change than separate pants.", "As babies start to walk or cruise, onesies can become less comfortable and may not be as easy to manage as separate tops and bottoms.", "Practicality: Onesies can be more difficult to remove and replace compared to separate shirts and pants, especially when diaper changes are frequent.", "Size: Many onesies are sized up to 24 months, but some parents may opt for separate clothing earlier based on their child's individual growth.", "Other factors to consider: Comfort: Some babies may prefer onesies for their comfort, while others may not.", "The Cornell Store Shop for Cornell University-branded onesies and clothing sets for infants and toddlers online at The Cornell Store.", "The UVA Bookstores Keep the youngest member of your team outfitted in Virginia themed onesies and sets.", "RushOrderTees Design a custom baby onesie with our easy-to-use Design Studio."]}, {"onesies": ["Go Sort by Price: low to high Price: high to low Pattern Striped Floral Plaid Polka Dot See more Style Romper Coverall Length Style Mini Long Short Care Instructions Machine Washable Tumble Dry Hand Wash Unisex Size Baby Size 0-3M 3-6M 9-12M 12-18M Boys' Size Baby Size 0-3M 3-6M 6-9M Free shipping Free shipping Brand Gerber Disney ONESIES Brand Nike See more Failed to load more results.", "Onesie: full length zippered one-piece, usually long sleeves but occasionally not, feet optional.", "Our kids onesies are an indispensable item in the winter wardrobe .", "JOIN NOW \u00b7 MODERN AND TRENDY RAD KIDS CLOTHES LITTLE RAD THINGS Black SPARK ONESIE.", "CBO Specialize in large size onesies for kids up to age 12.", "Onesie VA Go Hoos Back.", "Onesie Sabre MTO Spring 2024."]}, {"bib": ["Newborns do not need bibs, but they can start wearing them if it makes things easier for their parents.", "Bibs can help manage drool, spit-up, and keep your little one dry and comfortable in these early days.", "Material: Opt for bibs made from soft, absorbent, and easy-to-clean materials like cotton muslin, terry cloth, or waterproof fabric .", "A bib acts as a barrier, catching any spills before they reach your baby's clothes .", "A bib around a sleeping baby's neck is a choking hazard, period .", "Fall in love with our cute and functional baby bibs , designed with charming prints for both seasonal and everyday wear.", "Reddit \u00b7 r/BabyLedWeaning 50+ comments \u00b7 2 years ago Reddit \u00b7 r/BabyLedWeaning 50+ comments \u00b7 2 years ago We use the BibAdo bibs .", "Could never find a bib that actually kept mine clean.", "We stock striped overalls and game day bibs in youth sizes, including infant, toddler, and preteen.", "Cotton Mill Baby Bib ORIGINAL BOTTOMLAND OSFM.", "Cotton Mill Baby Bib.", "Gap Accessories like shoes, hats, and bibs add practical finishing touches.", "Newbie Help keep baby's clothes mess-free and clean with our beautiful yet practical bibs.", "Carhartt Kids' Canvas Bib Overall Flannel-Lined (Infant/Toddler).", "Onesie Bib Sabre VA Cavaliers The Gift.", "Bibs and Kids Boutique Bibs and Kids, a boutique for babies and children is located in Greensboro, NC."]}, {"romper": ["Baby's Twill Summer Romper in Coastal Charms .", "$ 48.00 \u00b7 Coastal CharmsBuzzing BeesAnchors Away \u00b7 Baby's Twill Summer Romper in Anchors Away Choose options.", "Rompers are designed for a wide age range, catering to infants from 0 months (newborns) up to 24 months (2 years old) .", "Rompers are a part of every newborns wardrobe .", "Designed as a one piece garment rompers are created to minimize irritation and maintain a babys core body temperature.", "The main difference between the two is that Jumpsuits usually have long sleeves and long pants whereas rompers have short sleeves, short pants, or short-length skirts .", "Both rompers and jumpsuits are one-piece clothing.", "Depending on the temperature, you might choose to dress your child in short-legged and short-sleeved/sleeveless bodysuits or rompers .", "Primary rompers come in so many adorable styles, colors, patterns, and prints.", "Little Sleepies 22 products \u2014 Shop our collection of rompers and overalls for babies, toddlers and kids at Little Sleepies.", "Style your child for spring and summer with our cute rompers for girls and boys ."]}, {"diaper": ["NO LEAKS | Huggies A NEWBORN DIAPER and CHANGE A TODDLER DIAPER .", "We've got the most beautiful selection of new, nearly new, and vintage/heirloom diaper shirts and diaper shirt sets to keep your baby cool and comfy.", "That means that the average 8-pound baby will go through about 240 newborn (or size 0) diapers before moving up to the next size .", "The weight range of newborn diapers accommodates for babies weighing up to 10 pounds , but there are some brands out there that will fit babies up to 12 pounds you just need to check on the packaging.", "If your toddler is under 2 years old, you can use normal overnight diapers like the 12 hour ones.", "If you're in the US, Huggies, Pampers, I have beem using Target's brand diapers, and I'm pretty pleased with them.", "Animals and Insects Essentials Pocket Cloth Diaper $12.00 Kinder Cloth Diaper Co. 5.0 (3) Animals and Insects Essentials Pocket Cloth Diaper $12.00 Kinder Cloth Diaper Co. Free delivery on $100+ Small business 5.0 (3) Also nearby Thirsties Newborn All-In-One Rainbow Diaper $15.50 ClothDiaper.", "Com 4.0 (2) Also nearby Thirsties Newborn All-In-One Rainbow Diaper $15.50 ClothDiaper.", "Red Diaper Baby on a red onesie .", "For the red diaper babies in your life.", "What size diaper vs. age of your baby.", "Reddit \u00b7 r/NewParents \u00b7 220+ comments \u00b7 1 year ago What size diaper vs. age of your baby.", "Reddit \u00b7 r/beyondthebump \u00b7 350+ comments \u00b7 3 weeks ago 15 month old who is in size 3/4 diapers and transitioning from 9-12 to 12-18 clothes.", "Quora \u00b7 1 answer \u00b7 1 year ago I think never if a child needs diapers, especially at night let them wear diapers, I'm in my 60s.", "In Diaper stock images and video for your next project.", "r/NewParents Reddit \u00b7 r/NewParents 7 comments \u00b7 2 years ago Reddit \u00b7 r/NewParents 7 comments \u00b7 2 years ago The only reason is because the diapers are her \"panties\", and they don't really stay on without onesies holding them.", "I absolutely love this diaper, with a slim fit and a ton of absorption.", "Cotton Mill Infant Diaper Shirt ORIGINAL BOTTOMLAND.", "Magnolia Baby Indulge your little one in luxurious comfort and timeless style with our curated collection of Magnolia Baby diaper sets.", "gunamuna Our easy-access zipper makes diaper changes so simple, you'll wonder why all baby clothes aren't made this way.", "Our baby diaper brands include bumGenius One-Size Cloth Diapers, Flip Hybrid Diapers, Elemental Joy, and Hemp Babies."]}]